DoctorID,FirstName,LastName,Specialty,PhoneNumber,Email
157,Ray,Chow,Psychiatry,166.289.0939,Ray.Chow@.example.com
158,Don,Roessler,Surgery,111.859.2345,Don.Roessler@.example.com
159,Alice,Ciccu,Radiology,200.571.4676,Alice.Ciccu@.example.com
160,Kelly,Rollin,Surgery,999.999.9999,Kelly.Rollin@.example.com
161,Izak,Cohen,Oncology,113.526.0486,Izak.Cohen@.example.com
162,Daniel,Roth,Pediatrics,999.999.9999,Daniel.Roth@.example.com
163,Aaron,Con,Surgery,106.926.2093,Aaron.Con@.example.com
164,Pablo,Rovira Diez,Endocrinology,999.999.9999,Pablo.Rovira Diez@.example.com
165,Kevin,Cook,Psychiatry,178.663.4655,Kevin.Cook@.example.com
166,Erik,Rucker,Neurology,999.999.9999,Erik.Rucker@.example.com
167,Jim,Corbin,Dermatology,999.999.9999,Jim.Corbin@.example.com
168,Michael,Ruggiero,Dermatology,135.616.5004,Michael.Ruggiero@.example.com
169,Cecilia,Cornejo,Radiology,181.260.4003,Cecilia.Cornejo@.example.com
170,Sharon,Salavaria,Radiology,160.679.7588,Sharon.Salavaria@.example.com
171,Robin,Counts,Psychiatry,999.999.9999,Robin.Counts@.example.com
172,Ken,SA nchez,Radiology,166.414.1685,Ken.SA nchez@.example.com
173,Ioan,Crisiarcu,Endocrinology,176.974.0767,Ioan.Crisiarcu@.example.com
174,Mandar,Samant,Endocrinology,151.170.2537,Mandar.Samant@.example.com
175,Scott,Culp,Psychiatry,171.538.9710,Scott.Culp@.example.com
176,Patrick,Sands,Neurology,103.919.8796,Patrick.Sands@.example.com
177,Pawel,Czernek,Gastroenterology,999.999.9999,Pawel.Czernek@.example.com
178,Mark,Sargent,Surgery,160.383.2954,Mark.Sargent@.example.com
179,Apurva,Dalia,Pediatrics,999.999.9999,Apurva.Dalia@.example.com
180,Tihomir,Sasic,Neurology,202.964.8582,Tihomir.Sasic@.example.com
181,Jim,Daly,Oncology,129.273.3675,Jim.Daly@.example.com
182,Michiyo,Sato,Dermatology,129.474.1080,Michiyo.Sato@.example.com
183,Mike,Danseglio,Endocrinology,999.999.9999,Mike.Danseglio@.example.com
184,Rimvydas,Saulis,Cardiology,999.999.9999,Rimvydas.Saulis@.example.com
185,Shannon,Dascher,Oncology,187.426.1963,Shannon.Dascher@.example.com
186,George,Schaller,Pediatrics,999.999.9999,George.Schaller@.example.com
187,Andrew,Davis,Dermatology,190.967.0328,Andrew.Davis@.example.com
188,Rainer,Schiller,Endocrinology,999.999.9999,Rainer.Schiller@.example.com
189,Eric,Davison,Oncology,142.077.5438,Eric.Davison@.example.com
190,Boris,Scholl,Pediatrics,999.999.9999,Boris.Scholl@.example.com
191,Denis,Dehenne,Surgery,999.999.9999,Denis.Dehenne@.example.com
192,Andreas,Schou,Neurology,999.999.9999,Andreas.Schou@.example.com
193,Axel,Delgado,Psychiatry,999.999.9999,Axel.Delgado@.example.com
194,Miguel,Severino,Endocrinology,111.474.8148,Miguel.Severino@.example.com
195,Luca,Dellamore,Dermatology,107.400.0962,Luca.Dellamore@.example.com
196,Jill,Shrader,Cardiology,213.926.6298,Jill.Shrader@.example.com
197,Molly,Dempsey,Surgery,182.174.4580,Molly.Dempsey@.example.com
198,Alexandre,Silva,Neurology,207.343.1326,Alexandre.Silva@.example.com
199,Prashanth,Desai,Neurology,999.999.9999,Prashanth.Desai@.example.com
200,Alex,Simmons,Oncology,999.999.9999,Alex.Simmons@.example.com
201,Michael,DeVoe,Cardiology,157.224.8034,Michael.DeVoe@.example.com
202,David,Simpson,Neurology,999.999.9999,David.Simpson@.example.com
203,Cari,Dick,Cardiology,999.999.9999,Cari.Dick@.example.com
204,Ashima,Singhal,Surgery,999.999.9999,Ashima.Singhal@.example.com
205,Cliff,Didcock,Surgery,203.345.9763,Cliff.Didcock@.example.com
206,Bonnie,Skelly,Endocrinology,999.999.9999,Bonnie.Skelly@.example.com
207,Blaine,Dockter,Oncology,171.905.8684,Blaine.Dockter@.example.com
208,Egil,Skjold,Oncology,999.999.9999,Egil.Skjold@.example.com
209,Chris,Downs,Cardiology,999.999.9999,Chris.Downs@.example.com
210,Ben,Smith,Dermatology,999.999.9999,Ben.Smith@.example.com
211,Jan,Dryml,Cardiology,101.951.6569,Jan.Dryml@.example.com
212,Brian,Smith,Dermatology,184.184.7099,Brian.Smith@.example.com
213,Bernard,Duerr,Gastroenterology,174.256.2232,Bernard.Duerr@.example.com
214,Lorrin,Smith-Bates,Psychiatry,113.909.4025,Lorrin.Smith-Bates@.example.com
215,Andrea,Dunker,Surgery,153.447.8594,Andrea.Dunker@.example.com
216,Martin,Spona,Surgery,142.016.9736,Martin.Spona@.example.com
217,Bart,Duncan,Dermatology,163.265.0926,Bart.Duncan@.example.com
218,Jeff,Stammler,Neurology,999.999.9999,Jeff.Stammler@.example.com
219,Shelley,Dyck,Endocrinology,130.277.1639,Shelley.Dyck@.example.com
220,Mark,Steele,Gastroenterology,999.999.9999,Mark.Steele@.example.com
221,Witold,Dyszkiewicz,Radiology,128.397.8725,Witold.Dyszkiewicz@.example.com
222,Brad,Sutton,Dermatology,999.999.9999,Brad.Sutton@.example.com
223,Terry,Earls,Endocrinology,999.999.9999,Terry.Earls@.example.com
224,Bernard,Tham,Pediatrics,123.450.8726,Bernard.Tham@.example.com
225,Josh,Edwards,Psychiatry,999.999.9999,Josh.Edwards@.example.com
226,Sandhya,Thodla,Dermatology,123.913.5459,Sandhya.Thodla@.example.com
227,Vladimir,Egorov,Cardiology,110.321.9377,Vladimir.Egorov@.example.com
228,Iben,Thorell,Gastroenterology,182.393.0367,Iben.Thorell@.example.com
229,Patrick,Elliott,Radiology,999.999.9999,Patrick.Elliott@.example.com
230,Justin,Thorp,Endocrinology,999.999.9999,Justin.Thorp@.example.com
231,Anil,Elson,Psychiatry,999.999.9999,Anil.Elson@.example.com
232,Danielle,Tiedt,Surgery,999.999.9999,Danielle.Tiedt@.example.com
233,Michael,Entin,Cardiology,999.999.9999,Michael.Entin@.example.com
234,Olinda,Turner,Gastroenterology,119.454.6983,Olinda.Turner@.example.com
235,Ebru,Ersan,Radiology,999.999.9999,Ebru.Ersan@.example.com
236,Tjeerd,Veninga,Endocrinology,999.999.9999,Tjeerd.Veninga@.example.com
237,Modesto,Estrada,Surgery,999.999.9999,Modesto.Estrada@.example.com
238,Gregory,Verny,Neurology,119.005.4397,Gregory.Verny@.example.com
239,Ken,Ewert,Neurology,206.337.2842,Ken.Ewert@.example.com
240,Peter,Villadsen,Psychiatry,106.684.5657,Peter.Villadsen@.example.com
241,Antoine,Faisandier,Dermatology,999.999.9999,Antoine.Faisandier@.example.com
242,Florian,Voss,Neurology,208.474.0926,Florian.Voss@.example.com
243,Kelly,Weadock,Surgery,109.096.4224,Kelly.Weadock@.example.com
244,Yaniv,Feinberg,Neurology,999.999.9999,Yaniv.Feinberg@.example.com
245,Martin,Weber,Dermatology,999.999.9999,Martin.Weber@.example.com
246,Dan,Fennell,Surgery,176.225.8851,Dan.Fennell@.example.com
247,Cindy,White,Surgery,109.931.5043,Cindy.White@.example.com
248,Franziska,Fiegler,Radiology,999.999.9999,Franziska.Fiegler@.example.com
249,Greg,Winston,Pediatrics,999.999.9999,Greg.Winston@.example.com
250,William,Flash,Gastroenterology,199.095.0329,William.Flash@.example.com
251,Robin,Wood,Gastroenterology,137.261.1539,Robin.Wood@.example.com
252,Raymond,Fong,Dermatology,178.293.5276,Raymond.Fong@.example.com
253,Karin,Zimprich,Surgery,123.342.8329,Karin.Zimprich@.example.com
254,Jeff,Ford,Dermatology,999.999.9999,Jeff.Ford@.example.com
255,Aziz,Hassouneh,Cardiology,138.239.1980,Aziz.Hassouneh@.example.com
256,Diane,Forsyth,Endocrinology,999.999.9999,Diane.Forsyth@.example.com
257,Arno,Harteveld,Endocrinology,156.903.4402,Arno.Harteveld@.example.com
258,Soren,Francker,Gastroenterology,999.999.9999,Soren.Francker@.example.com
259,Mark,Harrington,Dermatology,143.496.8820,Mark.Harrington@.example.com
260,Joel,Frauenheim,Surgery,999.999.9999,Joel.Frauenheim@.example.com
261,Eran,Harel,Radiology,999.999.9999,Eran.Harel@.example.com
262,Victor,Freitas,Pediatrics,201.566.3008,Victor.Freitas@.example.com
263,Claus,Hansen,Pediatrics,999.999.9999,Claus.Hansen@.example.com
264,Gabe,Frost,Radiology,129.806.1075,Gabe.Frost@.example.com
265,Jim,Hance,Endocrinology,999.999.9999,Jim.Hance@.example.com
266,Kari,Furse,Endocrinology,999.999.9999,Kari.Furse@.example.com
267,David,Hamilton,Pediatrics,999.999.9999,David.Hamilton@.example.com
268,Mike,Gahrns,Endocrinology,999.999.9999,Mike.Gahrns@.example.com
269,Dean,Halstead,Surgery,199.085.9096,Dean.Halstead@.example.com
270,Janet,Galore,Oncology,119.168.9586,Janet.Galore@.example.com
271,Adina,Hagege,Radiology,999.999.9999,Adina.Hagege@.example.com
272,Cesar,Garcia,Gastroenterology,100.853.4464,Cesar.Garcia@.example.com
273,Mary,Andersen,Psychiatry,113.947.4795,Mary.Andersen@.example.com
274,Hugo,Garcia,Endocrinology,999.999.9999,Hugo.Garcia@.example.com
275,Allan,Guinot,Surgery,999.999.9999,Allan.Guinot@.example.com
276,Davide,Garghentini,Psychiatry,999.999.9999,Davide.Garghentini@.example.com
277,Eric,Gruber,Psychiatry,999.999.9999,Eric.Gruber@.example.com
278,Inbar,Gazit,Surgery,143.551.9563,Inbar.Gazit@.example.com
279,Seth,Grossman,Endocrinology,999.999.9999,Seth.Grossman@.example.com
280,Christa,Geller,Psychiatry,999.999.9999,Christa.Geller@.example.com
281,Carlos,Grilo,Surgery,999.999.9999,Carlos.Grilo@.example.com
282,Tom,Getzinger,Psychiatry,999.999.9999,Tom.Getzinger@.example.com
283,Kirk,Gregersen,Dermatology,999.999.9999,Kirk.Gregersen@.example.com
284,Leo,Giakoumakis,Psychiatry,191.732.5206,Leo.Giakoumakis@.example.com
285,Nikolay,Grachev,Gastroenterology,999.999.9999,Nikolay.Grachev@.example.com
286,Enrique,Gil,Oncology,999.999.9999,Enrique.Gil@.example.com
287,Mojca,Gostincar,Dermatology,999.999.9999,Mojca.Gostincar@.example.com
288,Eric,Gilmore,Neurology,999.999.9999,Eric.Gilmore@.example.com
289,Nuria,Gonzalez,Pediatrics,175.798.4128,Nuria.Gonzalez@.example.com
290,Stuart,Glasson,Surgery,999.999.9999,Stuart.Glasson@.example.com
291,Daniel,Goldschmidt,Oncology,102.150.7599,Daniel.Goldschmidt@.example.com
292,Gerhard,Goeschl,Gastroenterology,187.322.7586,Gerhard.Goeschl@.example.com
293,Jossef,Goldberg,Psychiatry,999.999.9999,Jossef.Goldberg@.example.com
