DoctorID,FirstName,LastName,Specialty,PhoneNumber,Email
1,Kim,Abercrombie,Radiology,999.999.9999,Kim.Abercrombie@.example.com
2,Sagiv,Hadaya,Neurology,126.338.4226,Sagiv.Hadaya@.example.com
3,Luka,Abrus,Psychiatry,999.999.9999,Luka.Abrus@.example.com
4,Kirk,Nason,Oncology,114.230.8892,Kirk.Nason@.example.com
5,Humberto,Acevedo,Endocrinology,999.999.9999,Humberto.Acevedo@.example.com
6,Yoichiro,Okada,Pediatrics,191.605.3718,Yoichiro.Okada@.example.com
7,Pilar,Ackerman,Gastroenterology,999.999.9999,Pilar.Ackerman@.example.com
8,Aaron,Painter,Gastroenterology,999.999.9999,Aaron.Painter@.example.com
9,Terry,Adams,Pediatrics,110.092.7894,Terry.Adams@.example.com
10,David,Probst,Surgery,999.999.9999,David.Probst@.example.com
11,Manoj,Agarwal,Radiology,114.374.6926,Manoj.Agarwal@.example.com
12,Michael,Raheem,Dermatology,999.999.9999,Michael.Raheem@.example.com
13,David,Ahs,Surgery,106.225.3304,David.Ahs@.example.com
14,Miguel,Saenz,Dermatology,202.858.4171,Miguel.Saenz@.example.com
15,Kim,Akers,Gastroenterology,163.363.8237,Kim.Akers@.example.com
16,Kate,Taneyhill,Gastroenterology,999.999.9999,Kate.Taneyhill@.example.com
17,David,Alexander,Surgery,999.999.9999,David.Alexander@.example.com
18,Pieter,Uittenbogaard,Surgery,999.999.9999,Pieter.Uittenbogaard@.example.com
19,Michelle,Alexander,Cardiology,150.211.1198,Michelle.Alexander@.example.com
20,Rene,Valdes,Radiology,126.497.9670,Rene.Valdes@.example.com
21,Michael,Allen,Pediatrics,178.059.2136,Michael.Allen@.example.com
22,Rohinton,Wadia,Surgery,999.999.9999,Rohinton.Wadia@.example.com
23,Luis,Alverca,Oncology,179.575.5839,Luis.Alverca@.example.com
24,Ming-Yang,Xie,Gastroenterology,210.067.3888,Ming-Yang.Xie@.example.com
25,Antonio,Alwan,Pediatrics,106.081.9577,Antonio.Alwan@.example.com
26,David,Yalovsky,Psychiatry,999.999.9999,David.Yalovsky@.example.com
27,Oleg,Anashkin,Dermatology,999.999.9999,Oleg.Anashkin@.example.com
28,Marko,Zajc,Surgery,187.547.2827,Marko.Zajc@.example.com
29,Christen,Anderson,Endocrinology,154.776.3843,Christen.Anderson@.example.com
30,Mike,Nash,Psychiatry,204.876.7226,Mike.Nash@.example.com
31,Diogo,Andrade,Oncology,999.999.9999,Diogo.Andrade@.example.com
32,Aneta,Olecka,Radiology,152.459.2438,Aneta.Olecka@.example.com
33,Ben,Andrews,Neurology,207.955.2048,Ben.Andrews@.example.com
34,Jae,Pak,Neurology,999.999.9999,Jae.Pak@.example.com
35,Roy,Antebi,Surgery,171.488.2006,Roy.Antebi@.example.com
36,Prithvi,Raj,Pediatrics,134.733.5842,Prithvi.Raj@.example.com
37,Luca,Argentiero,Endocrinology,198.650.7958,Luca.Argentiero@.example.com
38,Suriya,Sajjateerakool,Pediatrics,999.999.9999,Suriya.Sajjateerakool@.example.com
39,Zainal,Arifin,Pediatrics,131.515.6415,Zainal.Arifin@.example.com
40,Amy,Strande,Gastroenterology,999.999.9999,Amy.Strande@.example.com
41,Ties,Arts,Gastroenterology,208.358.2306,Ties.Arts@.example.com
42,Daniel,Taylor,Neurology,999.999.9999,Daniel.Taylor@.example.com
43,Ronen,Ashkenazi,Endocrinology,999.999.9999,Ronen.Ashkenazi@.example.com
44,Hans-Walter,Untch,Dermatology,120.979.8027,Hans-Walter.Untch@.example.com
45,Chris,Ashton,Gastroenterology,146.201.7805,Chris.Ashton@.example.com
46,Michael,Vanderhyde,Cardiology,173.827.4941,Michael.Vanderhyde@.example.com
47,Vivian,Atlas,Psychiatry,999.999.9999,Vivian.Atlas@.example.com
48,Robin,Wakefield,Endocrinology,999.999.9999,Robin.Wakefield@.example.com
49,Anahita,Bahrami,Neurology,208.333.9226,Anahita.Bahrami@.example.com
50,Pieter,Wycoff,Radiology,999.999.9999,Pieter.Wycoff@.example.com
51,Dev,Balasubramanian,Cardiology,999.999.9999,Dev.Balasubramanian@.example.com
52,Steven,Wright,Gastroenterology,195.748.9640,Steven.Wright@.example.com
53,Eiji,Yasuda,Psychiatry,182.998.0717,Eiji.Yasuda@.example.com
54,Ed,Banti,Psychiatry,999.999.9999,Ed.Banti@.example.com
55,Mrina,Natarajan,Radiology,999.999.9999,Mrina.Natarajan@.example.com
56,Dave,Barnett,Neurology,999.999.9999,Dave.Barnett@.example.com
57,Manuel,Oliveira,Radiology,999.999.9999,Manuel.Oliveira@.example.com
58,Adam,Barr,Psychiatry,999.999.9999,Adam.Barr@.example.com
59,Rok,Palcic,Cardiology,999.999.9999,Rok.Palcic@.example.com
60,Shai,Bassli,Dermatology,999.999.9999,Shai.Bassli@.example.com
61,Yossi,Ran,Cardiology,999.999.9999,Yossi.Ran@.example.com
62,Shaun,Beasley,Oncology,191.345.6775,Shaun.Beasley@.example.com
63,Karolina,Salas-Szlejter,Gastroenterology,999.999.9999,Karolina.Salas-Szlejter@.example.com
64,Anna,Bedecs,Endocrinology,132.567.5770,Anna.Bedecs@.example.com
65,Oliver,Szimmetat,Neurology,999.999.9999,Oliver.Szimmetat@.example.com
66,Ann,Beebe,Surgery,184.462.6654,Ann.Beebe@.example.com
67,Jeff,Teper,Oncology,129.645.2482,Jeff.Teper@.example.com
68,Allie,Bellew,Surgery,999.999.9999,Allie.Bellew@.example.com
69,Siri,Velauthapillai,Oncology,999.999.9999,Siri.Velauthapillai@.example.com
70,Nuno,Bento,Cardiology,154.192.5354,Nuno.Bento@.example.com
71,Anne,Wallace,Psychiatry,196.769.7444,Anne.Wallace@.example.com
72,Matt,Berg,Surgery,164.101.3263,Matt.Berg@.example.com
73,John,Yokim,Dermatology,999.999.9999,John.Yokim@.example.com
74,Antonio,Bermejo,Oncology,999.999.9999,Antonio.Bermejo@.example.com
75,Robert,Zare,Psychiatry,152.776.3322,Robert.Zare@.example.com
76,Michael,Berroth,Cardiology,999.999.9999,Michael.Berroth@.example.com
77,Jimmy,Bischoff,Gastroenterology,200.533.7811,Jimmy.Bischoff@.example.com
78,Michael,Neipper,Cardiology,190.194.7858,Michael.Neipper@.example.com
79,Ari,Bixhorn,Pediatrics,999.999.9999,Ari.Bixhorn@.example.com
80,Paulo,Neves,Dermatology,999.999.9999,Paulo.Neves@.example.com
81,Rex,Bloesser,Pediatrics,154.937.3828,Rex.Bloesser@.example.com
82,Aaron,Nicholls,Psychiatry,207.401.7968,Aaron.Nicholls@.example.com
83,Tomasz,Bochenek,Dermatology,178.471.8858,Tomasz.Bochenek@.example.com
84,Toby,Nixon,Dermatology,170.909.8210,Toby.Nixon@.example.com
85,Corinna,Bolender,Dermatology,999.999.9999,Corinna.Bolender@.example.com
86,Fabricio,Noriega,Cardiology,999.999.9999,Fabricio.Noriega@.example.com
87,Raffaella,Bonaldi,Dermatology,999.999.9999,Raffaella.Bonaldi@.example.com
88,Jerry,Orman,Neurology,999.999.9999,Jerry.Orman@.example.com
89,Laurent,Bonnet,Cardiology,114.472.7400,Laurent.Bonnet@.example.com
90,Danni,Ortman,Radiology,999.999.9999,Danni.Ortman@.example.com
91,Thomas,Bouchard,Surgery,187.194.1366,Thomas.Bouchard@.example.com
92,Scott,Oveson,Radiology,164.096.6605,Scott.Oveson@.example.com
93,Marc,Boyer,Oncology,999.999.9999,Marc.Boyer@.example.com
94,Tude,Palma,Radiology,999.999.9999,Tude.Palma@.example.com
95,Peter,Bankov,Gastroenterology,143.633.7455,Peter.Bankov@.example.com
96,Dan,Park,Oncology,161.056.4357,Dan.Park@.example.com
97,Bryan,Bredehoeft,Gastroenterology,999.999.9999,Bryan.Bredehoeft@.example.com
98,Rajesh,Patel,Oncology,999.999.9999,Rajesh.Patel@.example.com
99,Alan,Brewer,Oncology,999.999.9999,Alan.Brewer@.example.com
100,Dorena,Paschke,Radiology,208.458.2420,Dorena.Paschke@.example.com
101,Nick,Brigandi,Cardiology,146.429.4473,Nick.Brigandi@.example.com
102,Leonids,Paturskis,Psychiatry,999.999.9999,Leonids.Paturskis@.example.com
103,Allison,Brown,Pediatrics,999.999.9999,Allison.Brown@.example.com
104,Yael,Peled,Dermatology,999.999.9999,Yael.Peled@.example.com
105,Robert,Brown,Psychiatry,106.567.6999,Robert.Brown@.example.com
106,Lori,Penor,Cardiology,128.170.1141,Lori.Penor@.example.com
107,Daniel,Brunner,Oncology,999.999.9999,Daniel.Brunner@.example.com
108,Michel,Pereira,Pediatrics,999.999.9999,Michel.Pereira@.example.com
109,Chris,Bryant,Endocrinology,201.842.7678,Chris.Bryant@.example.com
110,Wirote,Petchdenlarp,Cardiology,196.648.9738,Wirote.Petchdenlarp@.example.com
111,Brian,Burke,Gastroenterology,999.999.9999,Brian.Burke@.example.com
112,Palle,Petersen,Oncology,183.852.8869,Palle.Petersen@.example.com
113,Tzipi,Butnaru,Surgery,999.999.9999,Tzipi.Butnaru@.example.com
114,Terrence,Philip,Oncology,999.999.9999,Terrence.Philip@.example.com
115,Rick,Byham,Radiology,194.434.6734,Rick.Byham@.example.com
116,Michal,Piaseczny,Endocrinology,999.999.9999,Michal.Piaseczny@.example.com
117,Reina,Cabatana,Dermatology,999.999.9999,Reina.Cabatana@.example.com
118,Pilar,Pinilla,Neurology,999.999.9999,Pilar.Pinilla@.example.com
119,Iulian,Calinov,Endocrinology,105.664.4499,Iulian.Calinov@.example.com
120,Tanja,Plate,Pediatrics,999.999.9999,Tanja.Plate@.example.com
121,Maria,Cameron,Oncology,999.999.9999,Maria.Cameron@.example.com
122,Ekaterina,Podkolzina,Cardiology,204.718.2204,Ekaterina.Podkolzina@.example.com
123,Jamie,Campbell,Dermatology,129.671.3427,Jamie.Campbell@.example.com
124,Grigory,Pogulsky,Gastroenterology,999.999.9999,Grigory.Pogulsky@.example.com
125,Paul,Cannon,Psychiatry,103.312.0562,Paul.Cannon@.example.com
126,Josh,Pollock,Surgery,213.821.1001,Josh.Pollock@.example.com
127,Cyril,Carbonati,Surgery,999.999.9999,Cyril.Carbonati@.example.com
128,Cristina,Potra,Cardiology,179.165.3543,Cristina.Potra@.example.com
129,Jason,Carlson,Pediatrics,186.483.1151,Jason.Carlson@.example.com
130,Chris,Preston,Pediatrics,999.999.9999,Chris.Preston@.example.com
131,Fernando,Caro,Radiology,130.686.2252,Fernando.Caro@.example.com
132,Vishwa,Ranjan,Dermatology,999.999.9999,Vishwa.Ranjan@.example.com
133,Chase,Carpenter,Cardiology,999.999.9999,Chase.Carpenter@.example.com
134,Arvind,Rao,Gastroenterology,211.862.1280,Arvind.Rao@.example.com
135,Carlos,Carvallo,Neurology,999.999.9999,Carlos.Carvallo@.example.com
136,Morten,Rasmussen,Pediatrics,999.999.9999,Morten.Rasmussen@.example.com
137,Gitte,Casparij,Neurology,119.591.6069,Gitte.Casparij@.example.com
138,Mike,Ray,Psychiatry,108.199.6585,Mike.Ray@.example.com
139,Giorgio,Cavaglieri,Oncology,999.999.9999,Giorgio.Cavaglieri@.example.com
140,April,Reagan,Pediatrics,999.999.9999,April.Reagan@.example.com
141,Luisa,Cazzaniga,Neurology,999.999.9999,Luisa.Cazzaniga@.example.com
142,Barak,Regev,Oncology,133.021.8019,Barak.Regev@.example.com
143,Sean,Chai,Pediatrics,192.063.4850,Sean.Chai@.example.com
144,Enoch,Remick,Gastroenterology,180.081.7691,Enoch.Remick@.example.com
145,Greg,Chapman,Oncology,124.935.5242,Greg.Chapman@.example.com
146,Bjorn,Rettig,Oncology,999.999.9999,Bjorn.Rettig@.example.com
147,Neil,Charney,Dermatology,125.427.5743,Neil.Charney@.example.com
148,Don,Richardson,Pediatrics,160.647.9124,Don.Richardson@.example.com
149,Ankur,Chavda,Oncology,122.002.3349,Ankur.Chavda@.example.com
150,Wendy,Richardson,Radiology,169.865.6718,Wendy.Richardson@.example.com
151,Aik,Chen,Oncology,999.999.9999,Aik.Chen@.example.com
152,Anders,Riis,Psychiatry,999.999.9999,Anders.Riis@.example.com
153,Jeff,Chia,Psychiatry,183.017.4536,Jeff.Chia@.example.com
154,Titti,Ringstrom,Psychiatry,124.869.8323,Titti.Ringstrom@.example.com
155,Michal,Chmiela,Radiology,999.999.9999,Michal.Chmiela@.example.com
